{
  "images": [
    {
      "filename": "LaunchImage.png",
      "idiom": "universal",
      "scale": "1x"
    },
    {
      "appearances": [
        {
          "appearance": "luminosity",
          "value": "dark"
        }
      ],
      "filename": "LaunchImageDark.png",
      "idiom": "universal",
      "scale": "1x"
    },
    {
      "filename": "LaunchImage@2x.png",
      "idiom": "universal",
      "scale": "2x"
    },
    {
      "appearances": [
        {
          "appearance": "luminosity",
          "value": "dark"
        }
      ],
      "filename": "LaunchImageDark@2x.png",
      "idiom": "universal",
      "scale": "2x"
    },
    {
      "filename": "LaunchImage@3x.png",
      "idiom": "universal",
      "scale": "3x"
    },
    {
      "appearances": [
        {
          "appearance": "luminosity",
          "value": "dark"
        }
      ],
      "filename": "LaunchImageDark@3x.png",
      "idiom": "universal",
      "scale": "3x"
    }
  ],
  "info": {
    "author": "xcode",
    "version": 1
  }
}
